1|Abe Fortas|06/19/1910|04/05/1982|abe_fortas|abe_fortas_b2|Alfred Moore|5/21/1755|10/15/1810|alfred_moore|alfred_moore_b3|Anthony M. Kennedy|07/23/1936|null|anthony_kennedy|anthony_m_kennedy_b4|Antonin Scalia|03/11/1936|02/13/2016|antonin_scalia|antonin_scalia_b5|Arthur Goldberg|08/08/1908|01/19/1990|arthur_goldberg|arthur_joseph_goldberg_b6|Benjamin N. Cardozo|03/24/1914|07/09/1938|benjamin_n_cardozo|benjamin_nathan_cardozo_b7|Benjamin Robbins Curtis|11/4/1809|9/15/1874|benjamin_robbins_curtis|benjamin_robbins_curtis_b8|Bushrod Washington|6/5/1762|11/26/1829|bushrod_washington|bushrod_washington_b9|Byron White|06/08/1917|04/15/2002|byron_white|byron_raymond_white_b10|Charles Evans Hughes|4/11/1862|08/27/1948|charles_evans_hughes|charles_evans_hughes_b11|Charles Evans Whittaker|02/22/1901|11/26/1973|charles_evans_whittaker|charles_evans_whittaker_b12|Clarence Thomas|06/23/1948|null|clarence_thomas|clarence_thomas_b13|David Davis|3/9/1815|6/23/1886|david_davis|david_davis_b14|David Josiah Brewer|6/20/1837|03/28/1910|david_josiah_brewer|david_josiah_brewer_b15|David Souter|09/17/1939|null|david_souter|david_h_souter_b16|Earl Warren|3/19/1891|07/09/1974|earl_warren|earl_warren_b17|Edward Douglass White|11/3/1845|05/19/1921|edward_douglas_white|edward_douglass_white_b18|Edward Terry Sanford|7/23/1865|03/08/1930|edward_terry_sanford|edward_terry_sanford_b19|Elena Kagan|04/28/1960|null|elena_kagan|elena_kagan_b20|Felix Frankfurter|11/15/1882|02/22/1965|felix_frankfurter|felix_frankfurter_b21|Frank Murphy|4/13/1890|07/13/1949|frank_murphy|frank_murphy_b22|Fred M. Vinson|1/22/1890|09/08/1953|fred_m_vinson|fred_moore_vinson_b23|Gabriel Duvall|12/6/1752|3/6/1844|gabriel_duvall|gabriel_duvall_b24|George Shiras, Jr|1/26/1832|08/02/1924|george_shiras_jr|george_shiras_jr_b25|George Sutherland|3/25/1862|07/18/1942|george_sutherland|george_sutherland_b26|Harlan F. Stone|10/11/1872|04/22/1946|harlan_fiske_stone|harlan_fiske_stone_b27|Harold Hitz Burton|6/22/1888|10/28/1964|harold_hitz_burton|harold_hitz_burton_b28|Harry Blackmun|11/12/1908|03/04/1999|harry_blackmun|harry_a_blackmun_b29|Henry Baldwin|1/14/1780|4/21/1844|henry_baldwin|henry_baldwin_b30|Henry Billings Brown|3/2/1836|09/04/1913|henry_billings_brown|henry_billings_brown_b31|Henry Brockholst Livingston|11/25/1757|3/18/1823|henry_brockholst_livingston|brockholst_livingston_b32|Horace Gray|3/24/1828|09/15/1902|horace_gray|horace_gray_b33|Horace Harmon Lurton|2/26/1844|07/12/1914|horace_harmon_lurton|horace_harmon_lurton_b34|Howell Edmunds Jackson|4/4/1881|8/8/1895|howell_e_jackson|howell_edmunds_jackson_b35|Hugo Black|2/27/1886|09/25/1971|hugo_black|hugo_lafayette_black_b36|James Clark McReynolds|2/3/1862|08/24/1946|james_c_mcreynolds|james_clark_mcreynolds_b37|James F. Byrnes|5/2/1882|04/09/1972|james_f_byrnes|james_francis_byrnes_b38|James Iredell|10/5/1751|10/20/1799|james_iredell|iredell_james_b39|James Moore Wayne|11/24/1904|7/5/1867|james_moore_wayne|james_moore_wayne_b40|James Wilson|9/14/1742|8/21/1798|james_wilson|james_wilson_b41|John Archibald Campbell|6/24/1811|3/12/1889|john_archibald_campbell|john_archibald_campbell_b42|John Blair, Jr.|09/27/1904|9/12/1800|john_blair_jr|john_blair_b43|John Catron|1/7/1786|5/30/1865|john_catron|john_catron_b44|John G. Roberts|01/27/1955|null|john_g_roberts|john_g_roberts_jr_b45|John Hessin Clarke|9/18/1857|03/22/1945|john_hessin_clarke|john_hessin_clarke_b46|John Jay|12/12/1745|5/17/1829|john_jay|john_jay_b47|John Marshall|9/24/1755|7/6/1835|john_marshall|john_marshall_b48|John Marshall Harlan|6/1/1833|10/14/1911|john_marshall_harlan|john_marshall_harlan_b49|John Marshall Harlan II|5/20/1899|12/29/1971|john_marshall_harlan_ii|john_marshall_harlan_ii_b50|John McKinley|5/1/1780|7/19/1852|john_mckinley|john_mckinley_b51|John Paul Stevens|04/20/1920|null|john_paul_stevens|john_paul_stevens_b52|John Rutledge|11/17/1739|7/23/1800|john_rutledge|john_rutledge_b53|John McLean|3/11/1785|4/4/1861|john_mclean|john_mclean_b54|Joseph McKenna|8/10/1843|11/21/1926|joseph_mckenna|joseph_mckenna_b55|Joseph P. Bradley|3/14/1813|1/22/1892|joseph_philo_bradley|joseph_p_bradley_b56|Joseph Rucker Lamar|10/15/1857|01/02/1916|joseph_rucker_lamar|joseph_rucker_lamar_b57|Joseph Story|9/18/1779|9/10/1845|joseph_story|joseph_story_b58|Levi Woodbury|12/22/1789|9/4/1851|levi_woodbury|levi_woodbury_b59|Lewis F. Powell, Jr|09/19/1907|08/25/1998|lewis_f_powell|lewis_f_powell_jr_b60|Louis Brandeis|11/13/1856|10/05/1941|louis_brandeis|louis_dembitz_b61|Lucius Quintus Cincinnatus Lamar|8/17/1825|1/23/1893|lucius_quintus_cincinnatus_lamar_ii|lucius_c_lamar_b62|Mahlon Pitney|2/5/1858|12/09/1924|mahlon_pitney|mahlon_pitney_b63|Melville Fuller|2/11/1833|07/04/1910|melville_fuller|melville_weston_fuller_b64|Morrison Waite|11/29/1816|3/23/1888|morrison_waite|morrison_remick_waite_b65|Nathan Clifford|8/18/1803|7/25/1881|nathan_clifford|nathan_clifford_b66|Noah Haynes Swayne|12/7/1804|6/8/1884|noah_haynes_swayne|noah_haynes_swayne_b67|Oliver Ellsworth|4/29/1745|11/26/1807|oliver_ellsworth|oliver_ellsworth_b68|Oliver Wendell Holmes, Jr|3/8/1841|03/06/1935|oliver_wendell_holmes_jr|oliver_wendell_holmes_b69|Owen Roberts|5/2/1875|05/17/1955|owen_josephus_roberts|owen_josephus_roberts_b70|Peter Vivian Daniel|4/24/1784|5/31/1860|peter_vivian_daniel|peter_vivian_daniel_b71|Philip Pendleton Barbour|5/25/1783|2/25/1841|philip_pendleton_barbour|philip_pendleton_barbour_b72|Pierce Butler|3/17/1866|11/16/1939|pierce_butler|pierce_butler_b73|Potter Stewart|01/23/1915|12/07/1985|potter_stewart|potter_stewart_b74|Robert Cooper Grier|3/5/1794|9/25/1870|robert_cooper_grier|robert_cooper_grier_b75|Robert H. Jackson|2/13/1892|10/09/1954|robert_h_jackson|robert_houghwout_jackson_b76|Robert Trimble|11/17/1776|8/25/1828|robert_trimble|robert_trimble_b77|Roger B. Taney|3/17/1777|10/12/1864|roger_b_taney|roger_brooke_taney_b78|Rufus Wheeler Peckham|11/8/1838|10/24/1909|rufus_wheeler_peckham|rufus_wheeler_peckham79|Ruth Bader Ginsburg|03/15/1933|09/18/2020|ruth_bader_ginsburg|ruth_bader_ginsburg_b80|Salmon P. Chase|1/13/1808|5/7/1873|salmon_portland_chase|salmon_portland_chase_b81|Samuel Alito|04/01/1950|null|samuel_alito_jr|samuel_a_alito_jr_b82|Samuel Blatchford|3/9/1820|7/7/1893|samuel_blatchford|samuel_blatchford_b83|Samuel Chase|4/17/1741|6/19/1811|samuel_chase|samuel_chase_b84|Samuel Freeman Miller|4/5/1816|10/13/1890|samuel_freeman_miller|samuel_freeman_miller_b85|Samuel Nelson|11/10/1792|12/13/1873|samuel_nelson|samuel_nelson86|Sandra Day O'Connor|03/26/1930|null|sandra_day_oconnor|sandra_day_oconner_b87|Sherman Minton|10/20/1890|04/09/1965|sherman_minton|sherman_minton_b88|Smith Thompson|1/17/1768|12/18/1843|smith_thompson|smith_thompson_b89|Sonia Sotomayor|06/25/1954|null|sonia_sotomayor|sonia_m_sotomayor_b90|Stanley Forman Reed|12/31/1884|04/02/1980|stanley_forman_reed|stanley_forman_reed_b91|Stanley Mathews|7/21/1824|3/22/1889|thomas_stanley_matthews|stanley_mathews_b92|Stephen G. Breyer|08/15/1938|null|stephen_breyer|stephen_g_breyer_b93|Stephen Johnson Field|11/4/1816|4/9/1899|stephen_johnson_field|stephen_johnson_field_b94|Thomas Johnson|11/4/1732|10/26/1819|thomas_johnson|thomas_johnson_b95|Thomas Todd|1/23/1765|2/7/1826|thomas_todd|thomas_todd_b96|Thurgood Marshall|07/02/1908|01/24/1993|thurgood_marshall|thurgood_marshall_b97|Tom C. Clark|9/23/1899|06/13/1977|tom_c_clarke|tom_campbell_clark_b98|Ward Hunt|6/14/1810|3/24/1886|ward_hunt|ward_hunt_b99|Warren E. Burger|09/17/1907|06/25/1995|warren_e_burger|warren_earl_burger_b100|Wiley Blount Rutledge|7/20/1894|09/10/1949|wiley_blount_rutledge|wiley_blount_rutledge_b101|William Brennan, Jr|04/25/1906|07/24/1997|william_j_brennan_jr|william_j_brennan_jr_b102|William Burnham Woods|8/3/1824|5/14/1887|william_burnham_woods|william_burnham_woods_b103|William Cushing|3/1/1732|9/13/1810|william_cushing|william_cushing_b104|William Henry Moody|12/23/1853|07/02/1917|william_henry_moody|william_henry_moody_b105|William Howard Taft|9/15/1875|03/08/1930|william_howard_taft|william_howard_taft_b106|William Johnson|12/17/1771|8/4/1834|william_johnson|william_johnson_b107|William O. Douglas|11/3/1845|05/19/1921|william_o_douglas|william_orville_douglas_b108|William Paterson|12/24/1745|9/9/1806|william_paterson|william_paterson_b109|William R. Day|4/17/1849|07/09/1923|william_rufus_day|william_rufus_day_b110|William Rehnquist|10/01/1924|09/03/2005|william_hubbs_rehnquist|william_h_rehnquist_b111|William Strong|5/6/1808|8/19/1895|william_strong|william_strong_b112|Willis Van Devanter|4/17/1859|02/08/1941|willis_van_devanter|willis_van_devanter_b113|Neil M. Gorsuch|08/29/1967|null|neil_m_gorsuch|neil_m_gorsuch_b114|Brett M. Kavanaugh|02/12/1965|null|brett_m_kavanaugh|brett_m_kavanaugh_b115|Amy Coney Barrett|01/28/1972|null|amy_coney_barrett|amy_coney_barrett_b116|Ketanji Brown Jackson|09/14/1970|null|ketanji_brown_jackson|ketanji_brown_jackson_b